L_task,L_teacher,L_total,ablation,anchors,episode,grasp_success,joint_limit_violation,max_cloth_jump_m,seed,table_contact_ratio,task_success,teacher_on_eval,teacher_source,teacher_weight,wipe_coverage_m2,wipe_path_length_m
160.42304838883211,2.3367386292782073,160.42304838883211,bc_initializer_only,27,4,True,True,1.0683070504361887,0,0.058027079303675046,False,,demonstration_proxy,0.0,0.13640000000000002,121.14029695845528
76.52235531526208,17.456213304786544,76.52235531526208,bc_initializer_only,26,5,True,True,0.894327144912589,0,0.045813586097946286,False,,demonstration_proxy,0.0,0.10960000000000002,57.90908395326992
976.6909947556965,2.015618162622559,976.6909947556965,bc_initializer_only,18,6,True,True,1.2166790531241063,0,0.022950819672131147,False,,demonstration_proxy,0.0,0.0768,78.84717354142953
4.366937143211466,2.716490575765089,4.366937143211466,bc_initializer_only,22,0,False,True,0.0,0,0.0,False,,demonstration_proxy,0.0,0.0,0.0
633.492662110028,2.1261726548826254,633.492662110028,task_loss_only,27,4,True,True,0.9961943933487555,0,0.030392156862745098,False,,demonstration_proxy,0.0,0.1568,123.99548296575344
48.56978756808751,15.707954951561987,48.56978756808751,task_loss_only,26,5,True,True,1.0703187496384043,0,0.029137529137529136,False,,demonstration_proxy,0.0,0.096,109.69292610621218
985.1194991664572,37.879515532404184,985.1194991664572,task_loss_only,18,6,True,True,0.8363332124126773,0,0.021487603305785124,False,,demonstration_proxy,0.0,0.11480000000000001,83.93141899440984
166.3909887275644,2.9263204947452652,166.3909887275644,task_loss_only,22,0,True,True,0.8745295792120714,0,0.019230769230769232,False,,demonstration_proxy,0.0,0.0396,26.985099559601792
705.5360361872775,3.9879365021532234,709.5239726894308,task_plus_real_sparse_teacher,22,0,True,True,0.9593885618586041,0,0.04580152671755725,False,,frozen_unifolm_cache,1.0,0.1416,48.586012875201405
2570.5252448445667,17504.88685619555,2570.5252448445667,task_plus_real_sparse_teacher,27,4,True,True,1.1145288605236945,0,0.029850746268656716,False,False,demonstration_proxy,0.0,0.10800000000000001,91.63656302801189
1542.0700479731456,6.457265982905833,1542.0700479731456,task_plus_real_sparse_teacher,26,5,True,True,1.079359313966903,0,0.027348394768133173,False,False,demonstration_proxy,0.0,0.1292,91.31559141823433
22.85965027169879,3.382299046859973,22.85965027169879,task_plus_real_sparse_teacher,18,6,True,True,0.5360906715035085,0,0.01001669449081803,False,False,demonstration_proxy,0.0,0.057999999999999996,8.396949857817303
11516.66043383928,3.3516800200397316,11520.01211385932,real_sparse_teacher_only,22,0,False,True,0.0,0,0.0,False,,frozen_unifolm_cache,1.0,0.0,0.0
1267.3000381519175,3.1754376692352473,1267.3000381519175,best_vs_spsa:spsa,27,4,True,True,1.1211100497381152,0,0.03112033195020747,False,,demonstration_proxy,0.0,0.114,129.53752799514527
474.7249112180079,1.8878830348929534,474.7249112180079,best_vs_spsa:spsa,26,5,False,True,0.0,0,0.0,False,,demonstration_proxy,0.0,0.0,0.0
291.9754976737816,2.0529778940189214,291.9754976737816,best_vs_spsa:spsa,18,6,True,True,0.9733551759582885,0,0.026622296173044926,False,,demonstration_proxy,0.0,0.06480000000000001,73.65712556595356
146.51895429964398,1.5054421368139712,146.51895429964398,best_vs_spsa:spsa,22,0,True,True,0.9173767309137308,0,0.01718213058419244,False,,demonstration_proxy,0.0,0.0672,75.89874506630711
1267.3000381519175,3.1754376692352473,1267.3000381519175,best_vs_spsa:spsa,27,4,True,True,1.1211100497381152,0,0.03112033195020747,False,,demonstration_proxy,0.0,0.114,129.53752799514527
474.7249112180079,1.8878830348929534,474.7249112180079,best_vs_spsa:spsa,26,5,False,True,0.0,0,0.0,False,,demonstration_proxy,0.0,0.0,0.0
291.9754976737816,2.0529778940189214,291.9754976737816,best_vs_spsa:spsa,18,6,True,True,0.9733551759582885,0,0.026622296173044926,False,,demonstration_proxy,0.0,0.06480000000000001,73.65712556595356
146.51895429964398,1.5054421368139712,146.51895429964398,best_vs_spsa:spsa,22,0,True,True,0.9173767309137308,0,0.01718213058419244,False,,demonstration_proxy,0.0,0.0672,75.89874506630711
350.439336341735,20.00914574405336,350.439336341735,bc_initializer_only,27,4,True,True,1.0624275581740932,1,0.023060796645702306,False,,demonstration_proxy,0.0,0.1072,89.128442540723
390.7998826611058,1.8019840839777037,390.7998826611058,bc_initializer_only,26,5,True,True,1.0903409323632771,1,0.03398058252427184,False,,demonstration_proxy,0.0,0.0468,57.11690870514021
4769.509975614729,1.81549054813028,4769.509975614729,bc_initializer_only,18,6,True,True,1.0168318012386466,1,0.0214168039538715,False,,demonstration_proxy,0.0,0.11320000000000001,78.65500967777696
752.5298973294732,189.4532734954016,752.5298973294732,bc_initializer_only,22,0,False,True,0.0,1,0.0,False,,demonstration_proxy,0.0,0.0,0.0
990.5677232080443,172.20949475060183,990.5677232080443,task_loss_only,27,4,True,True,0.8179095834859931,1,0.028795811518324606,False,,demonstration_proxy,0.0,0.0672,35.62218782241423
1251.1626075786971,2.812056931237189,1251.1626075786971,task_loss_only,26,5,False,True,0.0,1,0.0,False,,demonstration_proxy,0.0,0.0,0.0
771.2958465586626,1.8922827207586832,771.2958465586626,task_loss_only,18,6,True,True,1.0325434377087823,1,0.04482758620689655,False,,demonstration_proxy,0.0,0.11480000000000001,77.39995019817431
114.22255107970214,2.0297281560064717,114.22255107970214,task_loss_only,22,0,False,True,0.0,1,0.0,False,,demonstration_proxy,0.0,0.0,0.0
183.54263515849257,3.926988211545077,187.46962337003765,task_plus_real_sparse_teacher,22,0,True,True,0.11582110576574275,1,0.033816425120772944,False,,frozen_unifolm_cache,1.0,0.09240000000000001,3.5798006627778816
2232.8328298035412,1.9364323975449358,2232.8328298035412,task_plus_real_sparse_teacher,27,4,True,True,1.007077030279977,1,0.03868471953578337,False,False,demonstration_proxy,0.0,0.07640000000000001,117.4808911221681
874.6078074955798,836160.03950618,874.6078074955798,task_plus_real_sparse_teacher,26,5,True,True,1.0785442124217746,1,0.05107252298263534,False,False,demonstration_proxy,0.0,0.1072,103.14448572642304
220.6694367432661,6.228731993378864,220.6694367432661,task_plus_real_sparse_teacher,18,6,True,True,0.889002689947876,1,0.03104575163398693,False,False,demonstration_proxy,0.0,0.10880000000000001,75.71199543021402
209.1388200143484,3.658845240419561,212.79766525476796,real_sparse_teacher_only,22,0,False,True,0.0,1,0.0,False,,frozen_unifolm_cache,1.0,0.0,0.0
990.5677232080443,172.20949475060183,990.5677232080443,best_vs_spsa:spsa,27,4,True,True,0.8179095834859931,1,0.028795811518324606,False,,demonstration_proxy,0.0,0.0672,35.62218782241423
1251.1626075786971,2.812056931237189,1251.1626075786971,best_vs_spsa:spsa,26,5,False,True,0.0,1,0.0,False,,demonstration_proxy,0.0,0.0,0.0
771.2958465586626,1.8922827207586832,771.2958465586626,best_vs_spsa:spsa,18,6,True,True,1.0325434377087823,1,0.04482758620689655,False,,demonstration_proxy,0.0,0.11480000000000001,77.39995019817431
114.22255107970214,2.0297281560064717,114.22255107970214,best_vs_spsa:spsa,22,0,False,True,0.0,1,0.0,False,,demonstration_proxy,0.0,0.0,0.0
990.5677232080443,172.20949475060183,990.5677232080443,best_vs_spsa:spsa,27,4,True,True,0.8179095834859931,1,0.028795811518324606,False,,demonstration_proxy,0.0,0.0672,35.62218782241423
1251.1626075786971,2.812056931237189,1251.1626075786971,best_vs_spsa:spsa,26,5,False,True,0.0,1,0.0,False,,demonstration_proxy,0.0,0.0,0.0
771.2958465586626,1.8922827207586832,771.2958465586626,best_vs_spsa:spsa,18,6,True,True,1.0325434377087823,1,0.04482758620689655,False,,demonstration_proxy,0.0,0.11480000000000001,77.39995019817431
114.22255107970214,2.0297281560064717,114.22255107970214,best_vs_spsa:spsa,22,0,False,True,0.0,1,0.0,False,,demonstration_proxy,0.0,0.0,0.0
276.0597328736062,1.8209737481160522,276.0597328736062,bc_initializer_only,27,4,True,True,0.9539068145497228,2,0.041019955654102,False,,demonstration_proxy,0.0,0.11599999999999999,101.93345342140663
3137.1609653203263,1.2661035167285053,3137.1609653203263,bc_initializer_only,26,5,False,True,0.0,2,0.0,False,,demonstration_proxy,0.0,0.0,0.0
939.4877229543478,1.7763542387361264,939.4877229543478,bc_initializer_only,18,6,True,True,0.8307276085420618,2,0.03820598006644518,False,,demonstration_proxy,0.0,0.0716,67.25188875968388
2216.0040562623176,2.511505328751892,2216.0040562623176,bc_initializer_only,22,0,True,True,0.9781246296853634,2,0.03571428571428571,False,,demonstration_proxy,0.0,0.12040000000000001,63.80637084933204
117.65822666166581,2.883451448477529,117.65822666166581,task_loss_only,27,4,True,True,0.4452404444578897,2,0.03225806451612903,False,,demonstration_proxy,0.0,0.0432,14.027247916676536
575.8591364446123,3.243039056372184,575.8591364446123,task_loss_only,26,5,False,True,0.0,2,0.0,False,,demonstration_proxy,0.0,0.0,0.0
73.45848211102225,2.7625191144438253,73.45848211102225,task_loss_only,18,6,True,True,1.0277522528799323,2,0.03436988543371522,False,,demonstration_proxy,0.0,0.1024,60.10888626863246
514.5688474280295,2.2347482310777362,514.5688474280295,task_loss_only,22,0,False,True,0.0,2,0.0,False,,demonstration_proxy,0.0,0.0,0.0
257.727738406543,3.7662968554280023,261.49403526197096,task_plus_real_sparse_teacher,22,0,True,True,0.8326116227232945,2,0.07853403141361257,False,,frozen_unifolm_cache,1.0,0.1032,39.58795993126463
1108.1462376570762,1.7173108619603294,1108.1462376570762,task_plus_real_sparse_teacher,27,4,False,True,0.0,2,0.0,False,False,demonstration_proxy,0.0,0.0,0.0
48.94923695728504,2.468669679803917,48.94923695728504,task_plus_real_sparse_teacher,26,5,True,True,0.49319516493459015,2,0.06688963210702341,False,False,demonstration_proxy,0.0,0.1348,41.35438006752954
1459.575032608353,2.6197488204472594,1459.575032608353,task_plus_real_sparse_teacher,18,6,True,True,0.906931631344286,2,0.054098360655737705,False,False,demonstration_proxy,0.0,0.0888,41.80142156551372
24.501937706423202,3.6005557125264946,28.1024934189497,real_sparse_teacher_only,22,0,True,True,0.9305892631010906,2,0.02992957746478873,False,,frozen_unifolm_cache,1.0,0.0916,57.50911301378437
117.65822666166581,2.883451448477529,117.65822666166581,best_vs_spsa:spsa,27,4,True,True,0.4452404444578897,2,0.03225806451612903,False,,demonstration_proxy,0.0,0.0432,14.027247916676536
575.8591364446123,3.243039056372184,575.8591364446123,best_vs_spsa:spsa,26,5,False,True,0.0,2,0.0,False,,demonstration_proxy,0.0,0.0,0.0
73.45848211102225,2.7625191144438253,73.45848211102225,best_vs_spsa:spsa,18,6,True,True,1.0277522528799323,2,0.03436988543371522,False,,demonstration_proxy,0.0,0.1024,60.10888626863246
514.5688474280295,2.2347482310777362,514.5688474280295,best_vs_spsa:spsa,22,0,False,True,0.0,2,0.0,False,,demonstration_proxy,0.0,0.0,0.0
117.65822666166581,2.883451448477529,117.65822666166581,best_vs_spsa:spsa,27,4,True,True,0.4452404444578897,2,0.03225806451612903,False,,demonstration_proxy,0.0,0.0432,14.027247916676536
575.8591364446123,3.243039056372184,575.8591364446123,best_vs_spsa:spsa,26,5,False,True,0.0,2,0.0,False,,demonstration_proxy,0.0,0.0,0.0
73.45848211102225,2.7625191144438253,73.45848211102225,best_vs_spsa:spsa,18,6,True,True,1.0277522528799323,2,0.03436988543371522,False,,demonstration_proxy,0.0,0.1024,60.10888626863246
514.5688474280295,2.2347482310777362,514.5688474280295,best_vs_spsa:spsa,22,0,False,True,0.0,2,0.0,False,,demonstration_proxy,0.0,0.0,0.0
